"SNP","Chromosome","Position","P.value","maf","nobs","Rsquare.of.Model.without.SNP","Rsquare.of.Model.with.SNP","FDR_Adjusted_P.values","effect","percent_variation_explained","trait","loc","year"
"Chr02_262333799",2,262333799,3.94879171085576e-05,0.0293088363954506,1143,0.426841624496762,0.435388343473763,0.0549845462282774,-0.59199725561281,92.2038038467648,"seed_area","STP","2017"
"Chr18_17030514",18,17030514,4.09832117407245e-05,0.094488188976378,1143,0.426841624496762,0.435352395590028,0.0549845462282774,0.270883571379734,91.5006072957761,"seed_area","STP","2017"
"Chr03_158587266",3,158587266,4.13107034021618e-05,0.0301837270341207,1143,0.426841624496762,0.435344698909309,0.0549845462282774,-0.612857265748133,92.2099509938017,"seed_area","STP","2017"
"Chr03_158921317",3,158921317,4.13107034021618e-05,0.0301837270341207,1143,0.426841624496762,0.435344698909309,0.0549845462282774,-0.612857265748133,91.9332811829609,"seed_area","STP","2017"
"Chr03_392185724",3,392185724,4.13107034021618e-05,0.0301837270341207,1143,0.426841624496762,0.435344698909309,0.0549845462282774,-0.612857265748133,92.2688613034108,"seed_area","STP","2017"
"Chr05_232392097",5,232392097,7.02106527950467e-05,0.39238845144357,1143,0.426841624496762,0.434832793899876,0.0714016963676148,0.191767304094867,90.934221707548,"seed_area","STP","2017"
"Chr03_150193003",3,150193003,7.69055326834992e-05,0.0293088363954506,1143,0.426841624496762,0.434745089954045,0.0714016963676148,-0.565392997198082,92.1366587679179,"seed_area","STP","2017"
"Chr03_192054259",3,192054259,0.000131573198448585,0.0288713910761155,1143,0.426841624496762,0.434229271385859,0.0875619635675335,-0.53519669750122,92.2071956044491,"seed_area","STP","2017"
"Chr15_84530110",15,84530110,0.000152952055613356,0.0249343832020997,1143,0.426841624496762,0.434085053429131,0.0900320721032256,0.554809258715061,92.2045003531991,"seed_area","STP","2017"
"Chr03_175419078",3,175419078,0.000160503701903704,0.0306211723534558,1143,0.426841624496762,0.434038930676581,0.0900320721032256,-0.54537956302589,92.2065613982186,"seed_area","STP","2017"
"Chr05_131060151",5,131060151,2.66703019451569e-09,0.302938634399309,1157,0.503562045774727,0.51901227610648,2.13069042239859e-05,0.282764488223421,83.7490440913479,"seed_area","STP","2018"
"Chr05_232392097",5,232392097,2.36729896868933e-07,0.393690579083838,1157,0.503562045774727,0.515170039712758,0.000945617573042951,0.212913835007981,90.2044605369554,"seed_area","STP","2018"
"Chr03_175419078",3,175419078,7.09801731592022e-06,0.0302506482281763,1157,0.503562045774727,0.512302358624732,0.0165937921189177,-0.556594972036038,91.84436538905,"seed_area","STP","2018"
"Chr03_158587266",3,158587266,1.24624799991871e-05,0.0298184961106309,1157,0.503562045774727,0.511832351314255,0.0165937921189177,-0.561115808468983,91.940146413913,"seed_area","STP","2018"
"Chr03_158921317",3,158921317,1.24624799991871e-05,0.0298184961106309,1157,0.503562045774727,0.511832351314255,0.0165937921189177,-0.561115808468983,91.7486733876283,"seed_area","STP","2018"
"Chr03_392185724",3,392185724,1.24624799991871e-05,0.0298184961106309,1157,0.503562045774727,0.511832351314255,0.0165937921189177,-0.561115808468983,91.9397252364031,"seed_area","STP","2018"
"Chr02_262333799",2,262333799,2.01202792612774e-05,0.0289541918755402,1157,0.503562045774727,0.511433618586388,0.0220522037233328,-0.524472688208881,91.9389732126653,"seed_area","STP","2018"
"Chr18_17030514",18,17030514,2.20825672533061e-05,0.094209161624892,1157,0.503562045774727,0.511356289892686,0.0220522037233328,0.236197992221065,91.7017646839336,"seed_area","STP","2018"
"Chr05_231532515",5,231532515,3.95996050484669e-05,0.289541918755402,1157,0.503562045774727,0.510872052653152,0.0351512494146891,0.232554355915028,88.3791083957754,"seed_area","STP","2018"
"Chr06_472707859",6,472707859,5.58068537140558e-05,0.461970613656007,1157,0.503562045774727,0.510588494446251,0.0445840954321592,0.186584570938436,62.3175909148043,"seed_area","STP","2018"
"Chr04_27749309",4,27749309,6.1456094331678e-05,0.0233362143474503,1157,0.503562045774727,0.510508922359844,0.0446338852377978,0.361626392433564,92.0329958786865,"seed_area","STP","2018"
"Chr03_150193003",3,150193003,7.34771631768946e-05,0.0289541918755402,1157,0.503562045774727,0.510361647162868,0.0484865488545665,-0.483959121390434,91.9397864185174,"seed_area","STP","2018"
"Chr03_192054259",3,192054259,0.000127986557444354,0.0285220397579948,1157,0.503562045774727,0.509905461466911,0.0639052879639338,-0.456393153780098,91.749293530841,"seed_area","STP","2018"
"Chr03_150193003",3,150193003,2.6100485169058e-06,0.0289042277825712,1159,0.495802202359617,0.505514152047033,0.00395877513358787,-0.646618384845603,87.7922121393599,"seed_area","TLI","2017"
"Chr03_158587266",3,158587266,2.7791189282829e-06,0.0297670405522002,1159,0.495802202359617,0.505460666977485,0.00395877513358787,-0.678076106103802,87.479977367318,"seed_area","TLI","2017"
"Chr03_158921317",3,158921317,2.7791189282829e-06,0.0297670405522002,1159,0.495802202359617,0.505460666977485,0.00395877513358787,-0.678076106103802,88.0912787098071,"seed_area","TLI","2017"
"Chr03_392185724",3,392185724,2.7791189282829e-06,0.0297670405522002,1159,0.495802202359617,0.505460666977485,0.00395877513358787,-0.678076106103802,88.0990771803848,"seed_area","TLI","2017"
"Chr03_192054259",3,192054259,2.97706623748969e-06,0.0284728213977567,1159,0.495802202359617,0.505402054672072,0.00395877513358787,-0.627778797046183,87.7882671040427,"seed_area","TLI","2017"
"Chr03_175419078",3,175419078,3.46826357135358e-06,0.0301984469370147,1159,0.495802202359617,0.505272032930777,0.00395877513358787,-0.647915980707793,87.7957199900731,"seed_area","TLI","2017"
"Chr02_262333799",2,262333799,1.30103717330477e-05,0.0289042277825712,1159,0.495802202359617,0.504150790122716,0.0129941087683814,-0.603778153680658,87.9438756835401,"seed_area","TLI","2017"
"Chr05_232392097",5,232392097,2.77808046315526e-05,0.394305435720449,1159,0.495802202359617,0.503511300262137,0.0234209963007755,0.193939342353445,83.7817603885488,"seed_area","TLI","2017"
"Chr05_231532515",5,231532515,4.34699229219988e-05,0.289042277825712,1159,0.495802202359617,0.503135341395913,0.0315749712860701,0.260650136603687,81.8816381480548,"seed_area","TLI","2017"
"Chr05_131060151",5,131060151,7.51898131433716e-05,0.30327868852459,1159,0.495802202359617,0.502676831943237,0.0429119005011099,0.210586237726602,76.3920072362335,"seed_area","TLI","2017"
"Chr15_84530110",15,84530110,0.000193812363141831,0.0245901639344262,1159,0.495802202359617,0.501889117109918,0.0886508801470003,0.527893200876029,88.2382040571859,"seed_area","TLI","2017"
"Chr04_27749309",4,27749309,0.000199856511707833,0.0232959447799827,1159,0.495802202359617,0.501863676087376,0.0886508801470003,0.375203084977684,88.2364476004565,"seed_area","TLI","2017"
"Chr06_472707859",6,472707859,1.22302564572726e-05,0.464814814814815,540,0.277492509134211,0.303617305656513,0.0243810162475729,0.301131381860401,2.2563035267194,"seed_area","TLI","2018"
